State,2018_Percent of AGI,"2018_Single 
Persons",2018_Married Persons Filing Separately,2018_Married Persons Filing Jointly,"2018_Heads of 
Household",2017_Percent of AGI,"2017_Single 
Persons",2017_Married Persons Filing Separately,2017_Married Persons Filing Jointly,"2017_Heads of 
Household",2016_Percent of AGI,"2016_Single 
Persons",2016_Married Persons Filing Separately,2016_Married Persons Filing Jointly,"2016_Heads of 
Household",2015_Percent of AGI,"2015_Single 
Persons",2015_Married Persons Filing Separately,2015_Married Persons Filing Jointly,"2015_Heads of 
Household",2012_Percent of AGI,"2012_Single 
Persons",2012_Married Persons Filing Separately,2012_Married Persons Filing Jointly,"2012_Heads of 
Household",2011_Percent of AGI,"2011_Single 
Persons",2011_Married Persons Filing Separately,2011_Married Persons Filing Jointly,"2011_Heads of 
Household",2010_Percent of AGI,"2010_Single 
Persons",2010_Married Persons Filing Separately,2010_Married Persons Filing Jointly,"2010_Heads of 
Household",2009_Percent of AGI,"2009_Single 
Persons",2009_Married Persons Filing Separately,2009_Married Persons Filing Jointly,"2009_Heads of 
Household",2008_Percent of AGI,"2008_Single 
Persons",2008_Married Persons Filing Separately,2008_Married Persons Filing Jointly,"2008_Heads of 
Household",2007_Percent of AGI,"2007_Single 
Persons",2007_Married Persons Filing Separately,2007_Married Persons Filing Jointly,"2007_Heads of 
Household",2006_Percent of AGI,"2006_Single 
Persons",2006_Married Persons Filing Separately,2006_Married Persons Filing Jointly,"2006_Heads of 
Household",2003_Percent of AGI,"2003_Single 
Persons",2003_Married Persons Filing Separately,2003_Married Persons Filing Jointly,"2003_Heads of 
Household"
FEDERAL,,"$12,000 ","$12,000 ","$24,000 ","$18,000 ",,"$6,500 ","$6,500 ","$12,700 ","$9,550 ",,"$6,300 ","$6,300 ","$12,600 ","$9,250 ",,"$6,300 ","$6,300 ","$12,600 ","$9,250 ",Percent of AGI,"$5,950 ","$5,950 ","$11,900 ","$8,700 ",,"$5,800 ","$5,800 ","$11,600 ","$8,500 ",,"$5,700 ","$5,700 ","$11,400 ","$8,400 ",,"$5,700 ","$5,700 ","$11,400 ","$8,350 ",,"$5,450 ","$5,450 ","$10,900 ","$8,000 ",,"$5,350 ","$5,350 ","$10,700 ","$7,850 ",,"$5,150 ","$5,150 ","$10,300 ","$7,550 ",,"$4,750 ","$4,750 ","$9,500 ","$7,000 "
Alabama 1,,"$2,000 – $2,500","$2,000 – $3,750","$4,000 – $7,500","$2,000 – $4,700",,"$2,000 – $2,500","$2,000 – $3,750","$4,000 – $7,500","$2,000 – $4,700",,"$2,000 – $2,500","$2,000 – $3,750","$4,000 – $7,500","$2,000 – $4,700",,"$2,000 - $2,500","$2,000 - $3,750","$4,000 - $7,500","$2,000 - $4,700",,"$2,000 - $2,500","$2,000 - $3,750","$4,000 - $7,500","$2,000 - $4,700",,"$2,000 - $2,500","$2,000 - $3,750","$4,000 - $7,500","$2,000 - $4,700",,"$2,000 - $2,500","$2,000 - $3,750","$4,000 - $7,500","$2,000 - $4,700",,"$2,000 - $2,500","$2,000 - $3,750","$4,000 - $7,500","$2,000 - $4,700",,"$2,000 - $2,500","$2,000 - $3,750","$4,000 - $7,500","$2,000 - $4,700",,"$2,000 - $2,500","$2,000 - $3,750","$4,000 - $7,500","$2,000 - $4,700",,"$2,000 max","$2,000 max","$4,000 max","$2,000 max",,"$2,000 max","$2,000 max","$4,000 max","$2,000 max"
Alaska,,,,,,,,,,,,,,,,,,,,,,,,,,,,,,,,,,,,,,,,,,,,,,,,,,,,,,,,,,,,
Arizona,,"$5,312 ","$5,312 ","$10,613 ","$10,613 ",,"$5,183 ","$5,183 ","$10,336 ","$10,336 ",,"$5,099 ","$5,099 ","$10,189 ","$10,189 ",,"$5,091 ","$5,091 ","$10,173 ","$10,173 ",,"$4,833 ","$4,833 ","$9,665 ","$9,665 ",,"$4,703 ","$4,703 ","$9,406 ","$9,406 ",,"$4,677 ","$4,677 ","$9,354 ","$9,354 ",,"$4,677 ","$4,677 ","$9,354 ","$9,354 ",,"$4,521 ","$4,521 ","$9,042 ","$9,042 ",,"$4,373 ","$4,373 ","$8,745 ","$8,745 ",,"$4,125 ","$4,125 ","$8,250 ","$8,250 ",,"$4,050 ","$4,050 ","$8,100 ","$8,100 "
Arkansas,,"$2,200 ","$2,200 ","$4,400 ","$2,200 ",,"$2,200 ","$2,200 ","$4,400 ","$2,200 ",,"$2,200 ","$2,200 ","$4,400 ","$2,200 ",,"$2,200 ","$2,200 ","$4,400 ","$2,200 ",,"$2,000 ","$2,000 ","$4,000 ","$2,000 ",,"$2,000 ","$2,000 ","$4,000 ","$2,000 ",,"$2,000 ","$2,000 ","$4,000 ","$2,000 ",,"$2,000 ","$2,000 ","$4,000 ","$2,000 ",,"$2,000 ","$2,000 ","$4,000 ","$2,000 ",,"$2,000 ","$2,000 ","$4,000 ","$2,000 ",,"$2,000 ","$2,000 ","$4,000 ","$2,000 ",,"$2,000 ","$2,000 ","$4,000 ","$2,000 "
California,,"$4,401 ","$4,401 ","$8,802 ","$8,802 ",,"$4,236 ","$4,236 ","$8,472 ","$8,472 ",,"$4,129 ","$4,129 ","$8,258 ","$8,258 ",,"$4,044 ","$4,044 ","$8,088 ","$8,088 ",,"$3,841 ","$3,841 ","$7,682 ","$7,682 ",,"$3,769 ","$3,769 ","$7,538 ","$7,538 ",,"$3,670 ","$3,670 ","$7,340 ","$7,340 ",,"$3,637 ","$3,637 ","$7,274 ","$7,274 ",,"$3,692 ","$3,692 ","$7,384 ","$7,384 ",,"$3,516 ","$3,516 ","$7,032 ","$7,032 ",,"$3,254 ","$3,254 ","$6,508 ","$6,508 ",,"$3,070 ","$3,070 ","$6,140 ","$6,140 "
Colorado,,"$12,000 ","$12,000 ","$24,000 ","$18,000 ",,"$6,500 ","$6,500 ","$12,700 ","$9,550 ",,"$6,300 ","$6,300 ","$12,600 ","$9,250 ",,"$6,300 ","$6,300 ","$12,600 ","$9,250 ",,"$5,950 ","$5,950 ","$11,900 ","$8,700 ",,"$5,800 ","$5,800 ","$11,600 ","$8,500 ",,"$5,700 ","$5,700 ","$11,400 ","$8,400 ",,"$5,700 ","$5,700 ","$11,400 ","$8,350 ",,"$5,450 ","$5,450 ","$10,900 ","$8,000 ",,"$5,350 ","$5,350 ","$10,700 ","$7,850 ",,"$5,150 ","$5,150 ","$10,300 ","$7,550 ",,"$4,750 ","$4,750 ","$9,500 ","$7,000 "
Connecticut ,,,,,,,"$0 – $15,000","$0 – $12,000","$0 – $24,000","$0 – $19,000",,"$0 – $15,000","$0 – $12,000","$0 – $24,000","$0 – $19,000",,"$0 - $14,500","$2,000 - $12,000","$0 - $24,000","$0 - $19,000",,,,,,,,,,,,,,,,,,,,,,,,,,,,,,,,"$5,150 ","$5,150 ","$10,300 ","$7,550 ",,"$4,750 ","$4,750 ","$9,500 ","$7,000 "
Delaware,,"$3,250 ","$3,250 ","$6,500 ","$3,250 ",,"$3,250 ","$3,250 ","$6,500 ","$3,250 ",,"$3,250 ","$3,250 ","$6,500 ","$3,250 ",,"$3,250 ","$3,250 ","$6,500 ","$3,250 ",,"$3,250 ","$3,250 ","$6,500 ","$3,250 ",,"$3,250 ","$3,250 ","$6,500 ","$3,250 ",,"$3,250 ","$3,250 ","$6,500 ","$3,250 ",,"$3,250 ","$3,250 ","$6,500 ","$3,250 ",,"$3,250 ","$3,250 ","$6,500 ","$3,250 ",,"$3,250 ","$3,250 ","$6,500 ","$3,250 ",,"$3,250 ","$3,250 ","$6,500 ","$3,250 ",,"$3,250 ","$3,250 ","$6,500 ","$3,250 "
District of Columbia ,,"$12,000 ","$12,000 ","$24,000 ","$18,000 ",,"$5,650 ","$5,650 ","$10,275 ","$7,800 ",,"$5,200 ","$5,200 ","$8,350 ","$6,500 ",,"$5,200 ","$5,200 ","$8,350 ","$6,500 ",,"$4,000 ","$2,000 ","$4,000 ","$4,000 ",,"$4,000 ","$2,000 ","$4,000 ","$4,000 ",,"$4,000 ","$2,000 ","$4,000 ","$4,000 ",,"$4,000 ","$2,000 ","$4,000 ","$4,000 ",,"$4,000 ","$2,000 ","$4,000 ","$4,000 ",,"$2,500 ","$1,250 ","$2,500 ","$2,500 ",,"$2,500 ","$1,250 ","$2,500 ","$2,500 ",,"$2,000 ","$1,000 ","$2,000 ","$2,000 "
Florida,,,,,,,,,,,,,,,,,,,,,,,,,,,,,,,,,,,,,,,,,,,,,,,,,,,,,,,,,,,,
Georgia,,"$4,600 ","$3,000 ","$6,000 ","$4,600 ",,"$2,300 ","$1,500 ","$3,000 ","$2,300 ",,"$2,300 ","$1,500 ","$3,000 ","$2,300 ",,"$2,300 ","$1,500 ","$3,000 ","$2,300 ",,"$2,300 ","$1,500 ","$3,000 ","$2,300 ",,"$2,300 ","$1,500 ","$3,000 ","$2,300 ",,"$2,300 ","$1,500 ","$3,000 ","$2,300 ",,"$2,300 ","$1,500 ","$3,000 ","$2,300 ",,"$2,300 ","$1,500 ","$3,000 ","$2,300 ",,"$2,300 ","$1,500 ","$3,000 ","$2,300 ",,"$2,300 ","$1,500 ","$3,000 ","$2,300 ",,"$2,300 ","$1,500 ","$3,000 ","$2,300 "
Hawaii,,"$2,200 ","$2,200 ","$4,400 ","$3,212 ",,"$2,200 ","$2,200 ","$4,400 ","$3,212 ",,"$2,200 ","$2,200 ","$4,400 ","$3,212 ",,"$2,200 ","$2,200 ","$4,400 ","$3,212 ",,"$2,000 ","$2,000 ","$4,000 ","$2,920 ",,"$2,000 ","$2,000 ","$4,000 ","$2,920 ",,"$2,000 ","$2,000 ","$4,000 ","$2,920 ",,"$2,000 ","$2,000 ","$4,000 ","$2,920 ",,"$2,000 ","$2,000 ","$4,000 ","$2,920 ",,"$2,000 ","$2,000 ","$4,000 ","$2,920 ",,"$1,500 ",$950 ,"$1,900 ","$1,650 ",,"$1,500 ",$950 ,"$1,900 ","$1,650 "
Idaho,,"$12,000 ","$12,000 ","$24,000 ","$18,000 ",,"$6,500 ","$6,500 ","$12,700 ","$9,550 ",,"$6,300 ","$6,300 ","$12,600 ","$9,250 ",,"$6,300 ","$6,300 ","$12,600 ","$9,250 ",,"$5,950 ","$5,950 ","$11,900 ","$8,700 ",,"$5,800 ","$5,800 ","$11,600 ","$8,500 ",,"$5,700 ","$5,700 ","$11,400 ","$8,400 ",,"$5,700 ","$5,700 ","$11,400 ","$8,350 ",,"$5,450 ","$5,450 ","$10,900 ","$8,000 ",,"$5,350 ","$5,350 ","$10,700 ","$7,850 ",,"$5,150 ","$5,150 ","$10,300 ","$7,550 ",,"$4,750 ","$4,750 ","$9,500 ","$7,000 "
Illinois,,,,,,,,,,,,,,,,,,,,,,,,,,,,,,,,,,,,,,,,,,,,,,,,,,,,,,,,,,,,
Indiana,,,,,,,,,,,,,,,,,,,,,,,,,,,,,,,,,,,,,,,,,,,,,,,,,,,,,,,,,,,,
Iowa,,"$2,030 ","$5,000 ","$5,000 ","$2,030 ",,"$2,000 ","$2,000 ","$4,920 ","$2,000 ",,"$1,970 ","$1,970 ","$4,860 ","$4,860 ",,"$1,950 ","$1,950 ","$4,810 ","$4,810 ",,"$1,860 ","$1,860 ","$4,590 ","$4,590 ",,"$1,810 ","$1,810 ","$4,460 ","$4,460 ",,"$1,810 ","$1,810 ","$4,460 ","$4,460 ",,"$1,780 ","$1,780 ","$4,390 ","$4,390 ",,"$1,750 ","$1,750 ","$4,310 ","$4,310 ",,"$1,700 ","$1,700 ","$4,200 ","$4,200 ",,"$1,650 ","$1,650 ","$4,060 ","$4,060 ",,"$1,550 ","$1,550 ","$3,830 ","$3,830 "
Kansas,,"$3,000 ","$3,750 ","$7,500 ","$5,500 ",,"$3,000 ","$3,750 ","$7,500 ","$5,500 ",,"$3,000 ","$3,750 ","$7,500 ","$5,500 ",,"$3,000 ","$3,750 ","$7,500 ","$5,500 ",,"$3,000 ","$3,000 ","$6,000 ","$4,500 ",,"$3,000 ","$3,000 ","$6,000 ","$4,500 ",,"$3,000 ","$3,000 ","$6,000 ","$4,500 ",,"$3,000 ","$3,000 ","$6,000 ","$4,500 ",,"$3,000 ","$3,000 ","$6,000 ","$4,500 ",,"$3,000 ","$3,000 ","$6,000 ","$4,500 ",,"$3,000 ","$3,000 ","$6,000 ","$4,500 ",,"$3,000 ","$3,000 ","$6,000 ","$4,500 "
Kentucky,,"$2,530 ","$2,530 ","$2,530 ","$2,530 ",,"$2,460 ","$2,460 ","$2,460 ","$2,460 ",,"$2,460 ","$2,460 ","$2,460 ","$2,460 ",,"$2,440 ","$2,440 ","$2,440 ","$2,440 ",,"$2,290 ","$2,290 ","$2,290 ","$2,290 ",,"$2,240 ","$2,240 ","$2,240 ","$2,240 ",,"$2,210 ","$2,210 ","$2,210 ","$2,210 ",,"$2,190 ","$2,190 ","$2,190 ","$2,190 ",,"$2,100 ","$2,100 ","$2,100 ","$2,100 ",,"$2,050 ","$2,050 ","$2,050 ","$2,050 ",,"$1,970 ","$1,970 ","$1,970 ","$1,970 ",,"$1,830 ","$1,830 ","$1,830 ","$1,830 "
Louisiana 2,,"$4,500 ","$4,500 ","$9,000 ","$9,000 ",,"$4,500 ","$4,500 ","$9,000 ","$9,000 ",,"$4,500 ","$4,500 ","$9,000 ","$9,000 ",,"$4,500 ","$4,500 ","$9,000 ","$9,000 ",,"$4,500 ","$4,500 ","$9,000 ","$9,000 ",,"$4,500 ","$4,500 ","$9,000 ","$9,000 ",,"$4,500 ","$4,500 ","$9,000 ","$9,000 ",,"$4,500 ","$4,500 ","$9,000 ","$9,000 ",,"$4,500 ","$4,500 ","$9,000 ","$9,000 ",,"$4,500 ","$4,500 ","$9,000 ","$9,000 ",,"$4,500 ","$4,500 ","$9,000 ","$9,000 ",,"$4,500 ","$4,500 ","$9,000 ","$9,000 "
Maine 1,,"$0-$12,000","$0-$12,000","$0-$24,000","$0-$18,000",,"$11,600 – $14,700","$11,600 – $16,600","$23,200 – $28,200","$17,400 – $20,500",,"$11,600 – $14,700","$11,600 – $16,600","$23,200 – $28,200","$17,400 – $20,500",15%,"$6,300 ","$6,300 ","$12,600 ","$9,250 ",,"$5,950 ","$5,950 ","$11,900 ","$8,700 ",,"$5,800 ","$4,825 ","$9,650 ","$8,500 ",,"$5,700 ","$4,775 ","$9,550 ","$8,400 ",,"$5,700 ","$4,750 ","$9,500 ","$8,350 ",,"$5,450 ","$4,550 ","$9,100 ","$8,000 ",,"$5,350 ","$4,450 ","$8,900 ","$7,850 ",,"$5,150 ","$4,300 ","$8,600 ","$7,550 ",,"$4,750 ","$3,975 ","$7,950 ","$7,000 "
Maryland 3,15%,"$1,500 – $2,250","$1,500 – $2,250","$3,000 – $4,500","$3,000 – $4,500",15%,"$1,500 – $2,000","$1,500 – $2,000","$3,000 – $4,000","$3,000 – $4,000",15%,"$1,500-$2,000","$1,500-$2,000","$3,000-$4,000","$3,000-$4,000",,"$1,500-$2,000","$1,500-$2,000","$3,000-$4,000","$3,000-$4,000",,"$1,500-$2,000","$1,500-$2,000","$3,000-$4,000","$3,000-$4,000",15%,"$1,500-$2,000","$1,500-$2,000","$3,000-$4,000","$3,000-$4,000",,"$1,500-$2,000","$1,500-$2,000","$3,000-$4,000","$3,000-$4,000",,"$1,500-$2,000","$1,500-$2,000","$3,000-$4,000","$3,000-$4,000",,"$1,500-$2,000","$1,500-$2,000","$3,000-$4,000","$3,000-$4,000",,"$1,500-$2,000","$1,500-$2,000","$3,000-$4,000","$3,000-$4,000",,"$1,500-$2,000","$1,500-$2,000","$3,000-$4,000","$3,000-$4,000",,"$1,500-$2,000","$1,500-$2,000","$3,000-$4,000","$3,000-$4,000"
Massachusetts,,,,,,,,,,,,,,,,,,,,,15%,,,,,,,,,,,,,,,,,,,,,,,,,,,,,,,,,,,,,,,
Michigan,,,,,,,,,,,,,,,,,,,,,,,,,,,,,,,,,,,,,,,,,,,,,,,,,,,,,,,,,,,,
Minnesota,,"$6,500 ","$6,500 ","$13,000 ","$9,550 ",,"$6,500 ","$6,500 ","$12,700 ","$9,550 ",,"$6,300 ","$6,300 ","$12,600 ","$9,250 ",,"$6,300 ","$6,300 ","$12,600 ","$9,250 ",,"$5,950 ","$5,950 ","$11,900 ","$8,700 ",,"$5,800 ","$5,800 ","$11,600 ","$8,500 ",,"$5,700 ","$5,700 ","$11,400 ","$8,400 ",,"$5,700 ","$5,700 ","$11,400 ","$8,350 ",,"$5,450 ","$5,450 ","$10,900 ","$8,000 ",,"$5,350 ","$5,350 ","$10,700 ","$7,850 ",,"$5,150 ","$5,150 ","$10,300 ","$7,550 ",,"$4,750 ","$4,750 ","$9,500 ","$7,000 "
Mississippi,,"$2,300 ","$2,300 ","$4,600 ","$3,400 ",,"$2,300 ","$2,300 ","$4,600 ","$3,400 ",,"$2,300 ","$2,300 ","$4,600 ","$3,400 ",,"$2,300 ","$2,300 ","$4,600 ","$3,400 ",,"$2,300 ","$2,300 ","$4,600 ","$3,400 ",,"$2,300 ","$2,300 ","$4,600 ","$3,400 ",,"$2,300 ","$2,300 ","$4,600 ","$3,400 ",,"$2,300 ","$2,300 ","$4,600 ","$3,400 ",,"$2,300 ","$2,300 ","$4,600 ","$3,400 ",,"$2,300 ","$2,300 ","$4,600 ","$3,400 ",,"$2,300 ","$2,300 ","$4,600 ","$3,400 ",,"$2,300 ","$2,300 ","$4,600 ","$3,400 "
Missouri,,"$12,000 ","$12,000 ","$24,000 ","$18,000 ",,"$6,500 ","$6,500 ","$12,700 ","$9,550 ",,"$6,300 ","$6,300 ","$12,600 ","$9,250 ",20%,"$6,300 ","$6,300 ","$12,600 ","$9,250 ",,"$5,950 ","$5,950 ","$11,900 ","$8,700 ",,"$5,800 ","$5,800 ","$11,600 ","$8,500 ",,"$5,700 ","$5,700 ","$11,400 ","$8,400 ",,"$5,700 ","$5,700 ","$11,400 ","$8,350 ",,"$5,450 ","$5,450 ","$10,900 ","$8,000 ",,"$5,350 ","$5,350 ","$10,700 ","$7,850 ",,"$5,150 ","$5,150 ","$10,300 ","$7,550 ",,"$4,750 ","$4,750 ","$9,500 ","$7,000 "
Montana 3,20%,"$2,030 – $4,580","$2,030 – $4,580","$4,060 – $9,160","$4,060 – $9,160",20%,"$2,000 – $4,510","$2,000 – $4,510","$4,000 – $9,020","$4,000 – $9,020",20%,"$1,980-$4,460","$1,980-$4,460","$3,960-$8,920","$3,960-$8,920",,"$1,940-$4,370","$1,940-$4,370","$3,880-$8,740","$3,880-$8,740",,"$1,860-$4,200","$1,860-$4,200","$3,720-$8,400","$3,720-$8,400",20%,"$1,770-$3,990","$1,770-$3,990","$3,540-$7,980","$3,540-$7,980",,"$1,770-$3,990","$1,770-$3,990","$3,540-$7,980","$3,540-$7,980",,"$1,750-$3,950","$1,750-$3,950","$3,500-$7,900","$3,500-$7,900",,"$1,780-$4,010","$1,780-$4,010","$3,560-$8,020","$3,560-$8,020",,"$1,690-$3,810","$1,690-$3,810","$3,380-$7,620","$3,380-$7,620",,"$1,580-$3,560","$1,580-$3,560","$3,160-$7,120","$3,160-$7,120",,"$1,480-$3,330","$1,480-$3,330","$2,960-$6,660","$2,960-$6,660"
Nebraska ,,"$6,750 ","$6,750 ","$13,500 ","$9,900 ",,"$6,300 ","$6,300 ","$12,600 ","$9,250 ",,"$6,300 ","$6,300 ","$12,600 ","$9,250 ",,"$6,300 ","$6,300 ","$12,600 ","$9,250 ",20%,"$5,950 ","$5,950 ","$11,900 ","$8,700 ",,"$5,800 ","$5,800 ","$11,600 ","$8,500 ",,"$5,700 ","$5,700 ","$11,400 ","$8,400 ",,"$5,700 ","$5,700 ","$11,400 ","$8,350 ",,"$5,450 ","$5,450 ","$10,900 ","$8,000 ",,"$5,350 ","$5,350 ","$10,700 ","$7,850 ",,"$5,130 ","$4,290 ","$8,580 ","$7,550 ",,"$4,750 ","$3,975 ","$7,950 ","$7,000 "
Nevada,,,,,,,,,,,,,,,,,,,,,,,,,,,,,,,,,,,,,,,,,,,,,,,,,,,,,,,,,,,,
New Hampshire,,"$2,400 ","$2,400 ","$4,800 ","$2,400 ",,,,,,,,,,,,,,,,,,,,,,,,,,,,,,,,,,,,,,,,,,,,,,,,,,,,,,,
New Jersey,,,,,,,,,,,,,,,,,,,,,,,,,,,,,,,,,,,,,,,,,,,,,,,,,,,,,,,,,,,,
New Mexico,,"$12,000 ","$12,000 ","$24,000 ","$18,000 ",,"$6,500 ","$6,500 ","$12,700 ","$9,550 ",,"$6,300 ","$6,300 ","$12,600 ","$9,250 ",,"$6,300 ","$6,300 ","$12,600 ","$9,250 ",,"$5,950 ","$5,950 ","$11,900 ","$8,700 ",,"$5,800 ","$5,800 ","$11,600 ","$8,500 ",,"$5,700 ","$5,700 ","$11,400 ","$8,400 ",,"$5,700 ","$5,700 ","$11,400 ","$8,350 ",,"$5,450 ","$5,450 ","$10,900 ","$8,000 ",,"$5,350 ","$5,350 ","$10,700 ","$7,850 ",,"$5,150 ","$5,150 ","$10,300 ","$7,550 ",,"$4,750 ","$4,750 ","$9,500 ","$7,000 "
New York,,"$8,000 ","$8,000 ","$16,050 ","$11,200 ",,"$8,000 ","$8,000 ","$16,050 ","$16,050 ",,"$7,950 ","$7,950 ","$15,950 ","$11,150 ",,"$7,900 ","$7,900 ","$15,850 ","$11,100 ",,"$7,500 ","$7,500 ","$15,000 ","$10,500 ",,"$7,500 ","$7,500 ","$15,000 ","$10,500 ",,"$7,500 ","$7,500 ","$15,000 ","$10,500 ",,"$7,500 ","$7,500 ","$15,000 ","$10,500 ",,"$7,500 ","$7,500 ","$15,000 ","$10,500 ",,"$7,500 ","$7,500 ","$15,000 ","$10,500 ",,"$7,500 ","$7,500 ","$15,000 ","$10,500 ",,"$7,500 ","$6,500 ","$14,600 ","$10,500 "
North Carolina,,"$8,750 ","$8,750 ","$17,500 ","$14,000 ",,"$8,750 ","$8,750 ","$17,500 ","$14,000 ",,"$8,750 ","$8,750 ","$17,500 ","$14,000 ",,"$7,500 ","$7,500 ","$1,500 ","$1,200 ",,"$3,000 ","$3,000 ","$6,000 ","$4,400 ",,"$3,000 ","$3,000 ","$6,000 ","$4,400 ",,"$3,000 ","$3,000 ","$6,000 ","$4,400 ",,"$3,000 ","$3,000 ","$6,000 ","$4,400 ",,"$3,000 ","$3,000 ","$6,000 ","$4,400 ",,"$3,000 ","$3,000 ","$6,000 ","$4,400 ",,"$3,000 ","$3,000 ","$6,000 ","$4,400 ",,"$3,000 ","$2,750 ","$5,500 ","$4,400 "
North Dakota,,"$12,000 ","$12,000 ","$24,000 ","$18,000 ",,"$6,500 ","$6,500 ","$12,700 ","$9,550 ",,"$6,300 ","$6,300 ","$12,600 ","$9,250 ",,"$6,300 ","$6,300 ","$12,600 ","$9,250 ",,"$5,950 ","$5,950 ","$11,900 ","$8,700 ",,"$5,800 ","$5,800 ","$11,600 ","$8,500 ",,"$5,700 ","$5,700 ","$11,400 ","$8,400 ",,"$5,700 ","$5,700 ","$11,400 ","$8,350 ",,"$5,450 ","$5,450 ","$10,900 ","$8,000 ",,"$5,350 ","$5,350 ","$10,700 ","$7,850 ",,"$5,150 ","$5,150 ","$10,300 ","$7,550 ",,"$4,750 ","$4,750 ","$9,500 ","$7,000 "
Ohio,,,,,,,,,,,,,,,,,,,,,,,,,,,,,,,,,,,,,,,,,,,,,,,,,,,,,,,,,,,,
Oklahoma,,"$6,350 ","$6,350 ","$12,700 ","$9,350 ",,"$6,300 ","$6,300 ","$12,600 ","$9,250 ",,"$6,300 ","$6,300 ","$12,600 ","$9,250 ",,"$6,300 ","$6,300 ","$12,600 ","$9,250 ",,"$5,950 ","$5,950 ","$11,900 ","$8,700 ",,"$5,800 ","$5,800 ","$11,600 ","$8,500 ",,"$5,700 ","$5,700 ","$11,400 ","$8,400 ",,"$4,250 ","$4,250 ","$8,500 ","$6,375 ",,"$3,250 ","$3,250 ","$6,500 ","$4,875 ",,"$2,750 ","$2,750 ","$5,500 ","$4,125 ",,"$2,000 ","$2,000 ","$3,000 ","$3,000 ",,"$1,000-$2,000","$500-$1,000","$1,000-$2,000","$1,000-$2,000"
Oregon,,"$2,215 ","$2,215 ","$4,435 ","$3,570 ",,"$2,175 ","$2,175 ","$4,350 ","$3,500 ",,"$2,145 ","$2,145 ","$4,295 ","$3,455 ",,"$2,145 ","$2,145 ","$4,295 ","$3,455 ",,"$1,980 ","$1,980 ","$3,960 ","$3,185 ",,"$1,980 ","$1,980 ","$3,960 ","$3,185 ",,"$1,950 ","$1,950 ","$3,900 ","$3,140 ",,"$1,945 ","$1,945 ","$3,895 ","$3,135 ",,"$1,865 ","$1,865 ","$3,735 ","$3,005 ",,"$1,825 ","$1,825 ","$3,650 ","$2,940 ",,"$1,770 ","$1,770 ","$3,545 ","$2,855 ",,"$1,670 ","$1,670 ","$3,345 ","$2,695 "
Pennsylvania,,,,,,,,,,,,,,,,,,,,,,,,,,,,,,,,,,,,,,,,,,,,,,,,,,,,,,,,,,,,
Rhode Island1,,"$0-$8,525","$0-$8,525","$0-$17,050","$0-$12,800",,"$8,300 ","$8,300 ","$16,600 ","$12,450 ",,"$8,300 ","$8,300 ","$16,600 ","$12,450 ",,"$0-$8,275","$0-$8,275","$0-$16,550","$0-$12,400",,"$7,800 ","$7,800 ","$15,600 ","$11,700 ",,"$7,500 ","$7,500 ","$15,000 ","$11,250 ",,"$5,700 ","$4,775 ","$9,550 ","$8,400 ",,"$5,700 ","$4,750 ","$9,500 ","$8,350 ",,"$5,450 ","$4,450 ","$9,100 ","$8,000 ",,"$5,350 ","$4,450 ","$8,900 ","$7,850 ",,"$5,000 ","$4,150 ","$8,300 ","$7,300 ",,"$4,750 ","$3,975 ","$7,950 ","$7,000 "
South Carolina,,"$12,000 ","$12,000 ","$24,000 ","$18,000 ",,"$6,500 ","$6,500 ","$12,700 ","$9,550 ",,"$6,300 ","$6,300 ","$12,600 ","$9,250 ",,"$6,300 ","$6,300 ","$12,600 ","$9,250 ",,"$5,950 ","$5,950 ","$11,900 ","$8,700 ",,"$5,800 ","$5,800 ","$11,600 ","$8,500 ",,"$5,700 ","$5,700 ","$11,400 ","$8,400 ",,"$5,700 ","$5,700 ","$11,400 ","$8,350 ",,"$5,450 ","$5,450 ","$10,900 ","$8,000 ",,"$5,350 ","$5,350 ","$10,700 ","$7,850 ",,"$5,150 ","$5,150 ","$10,300 ","$7,550 ",,"$4,750 ","$4,750 ","$9,500 ","$7,000 "
South Dakota,,,,,,,,,,,,,,,,,,,,,,,,,,,,,,,,,,,,,,,,,,,,,,,,,,,,,,,,,,,,
Tennessee,,"$1,250 ","$1,250 ","$2,500 ","$1,250 ",,,,,,,,,,,,,,,,,,,,,,,,,,,,,,,,,,,,,,,,,,,,,,,,,,,,,,,
Texas,,,,,,,,,,,,,,,,,,,,,,,,,,,,,,,,,,,,,,,,,,,,,,,,,,,,,,,,,,,,
Utah4,,,,,,,"$6,500 ","$6,500 ","$12,700 ","$9,550 ",,"$6,300 ","$6,300 ","$12,600 ","$9,250 ",,"$6,300 ","$6,300 ","$12,600 ","$9,250 ",,"$5,950 ","$5,950 ","$11,900 ","$8,700 ",,"$5,800 ","$5,800 ","$11,600 ","$8,500 ",,"$5,700 ","$5,700 ","$11,400 ","$8,400 ",,"$5,700 ","$5,700 ","$11,400 ","$8,350 ",,"$5,450 ","$5,450 ","$10,900 ","$8,000 ",,"$5,350 ","$5,350 ","$10,700 ","$7,850 ",,"$5,150 ","$5,150 ","$10,300 ","$7,550 ",,"$4,750 ","$4,750 ","$9,500 ","$7,000 "
Vermont,,"$6,000 ","$1,000 ","$12,000 ","$9,000 ",,"$6,500 ","$6,500 ","$12,700 ","$9,550 ",,"$6,300 ","$6,300 ","$12,600 ","$9,250 ",,"$6,300 ","$6,300 ","$12,600 ","$9,250 ",,"$5,950 ","$5,950 ","$11,900 ","$8,700 ",,"$5,800 ","$5,800 ","$11,600 ","$8,500 ",,"$5,700 ","$5,700 ","$11,400 ","$8,400 ",,"$5,700 ","$5,700 ","$11,400 ","$8,350 ",,"$5,450 ","$5,450 ","$10,900 ","$8,000 ",,"$5,350 ","$5,350 ","$10,700 ","$7,850 ",,"$5,150 ","$5,150 ","$10,300 ","$7,550 ",,"$4,750 ","$4,750 ","$9,500 ","$7,000 "
Virginia,,"$3,000 ","$3,000 ","$6,000 ","$3,000 ",,"$3,000 ","$3,000 ","$6,000 ","$3,000 ",,"$3,000 ","$3,000 ","$6,000 ","$3,000 ",,"$3,000 ","$3,000 ","$6,000 ","$3,000 ",,"$3,000 ","$3,000 ","$6,000 ","$3,000 ",,"$3,000 ","$3,000 ","$6,000 ","$3,000 ",,"$3,000 ","$3,000 ","$6,000 ","$3,000 ",,"$3,000 ","$3,000 ","$6,000 ","$3,000 ",,"$3,000 ","$3,000 ","$6,000 ","$3,000 ",,"$3,000 ","$3,000 ","$6,000 ","$3,000 ",,"$3,000 ","$3,000 ","$6,000 ","$3,000 ",,"$3,000 ","$2,500 ","$5,000 ","$3,000 "
Washington,,,,,,,,,,,,,,,,,,,,,,,,,,,,,,,,,,,,,,,,,,,,,,,,,,,,,,,,,,,,
West Virginia,,,,,,,,,,,,,,,,,,,,,,,,,,,,,,,,,,,,,,,,,,,,,,,,,,,,,,,,,,,,
Wisconsin 1,,"$0 – $10,580","$0 – $9,300","$0 – 19,580","$0 – $13,660",,"$0 – $10,380","$0 – $9,130","$0 – 19,210","$0 – $13,400",,"$0-$10,270","$0-$9,030","$0-19,010","$0-$13,260",,"$0-$10,250","$0-$8,770","$0-18,460","$0-$13,240",,"$0-$9,760","$0-$8,350","$0-17,580","$0-$12,610",,"$0-$9,410","$0-$8,050","$0-16,940","$0-$12,150",,"$0-$9,300","$0-$7,960","$0-16,750","$0-$12,010",,"$0-$9,440","$0-$8,080","$0-17,010","$0-$12,190",,"$0-$8,960","$0-$7,660","$0-16,140","$0-$11,570",,"$0-$8,790","$0-$7,520","$0-15,830",$0-$15830,,"$8,460-$0","$7,240-$0","$15,240-$0","$10,930-$0",,"$7,790-$0","$6,660-$0","$14,030-$0","$10,060-$0"
Wyoming,,,,,,,,,,,,,,,,,,,,,,,,,,,,,,,,,,,,,,,,,,,,,,,,,,,,,,,,,,,,
